display_name,rating,review_text,positive_or_negative
Jorge A,STAR_4_5,"The movie that started the MCU.  Still a great movie to this day, mainly thanks to Robert Downey Jr charisma that frankly I don't think anyone could top.  The action scenes as Iron Man aren't quite as cool as in the sequels and the avengers, but it was a start, so you can forgive it a little.",positive
Weston A.,STAR_4,Phenomenal origin story and character development of Tony stark from being a money hungry careless billionaire to becoming a real hero. The betrayal of Obadiah is a great story that builds and shocks audiences. Overall a great movie and the best way to kick off the MCU.,positive
Morgan L.,STAR_4,Pretty good story I felt like it was well paced and I love the character as I’m watching the timeline for the first time,positive
John F,STAR_4_5,Amazing movie showing Tony starks arrogance in a perfect manor and the twist of Obidah stane being a villian is great the final fight left something to be desired but an almost perfect origin story I highly recommend it,positive
Guilherme M,STAR_5,"RDJ perfomance as Tony Stark was impecable. Loved the arrogant, annoying multimillionaire on screens. The fight scenes were PACKED in action, and not to say about the stunning visual effects. I heard this movie was a huge gamble from MCU to run from bankruptcy, and oh boy, that was the best gamble they could ever do.",positive
Intellectual G.,STAR_5,Tony stark was able to build this shi in a cave.,negative
Jacob L.,STAR_4_5,"Reviewed 5/14/2022

Well, I'm glad to see that Marvel's Cinematic Universe hit the ground running. The main character has a very clear and well thought out arc, and Obadiah Stane is well... Obadiah Stane. I think the plot twist of him selling weapons to the terrorists so that they can kill Tony Stark so that he can rule the company is a bit convoluted, though there have been worse villain ploys. His reveal as being evil feels like an afterthought, the rest of the movie works so well and then suddenly Stane is a bad guy. That's really my only complaint about the movie. If it had a better villain and a more coherent way if revealing said villain, it'd be higher up. The rest of the film is still incredible.",positive
yanzi S,STAR_4_5,I am just starting the MCU series and this is a great initial movie of this big chain of films. The concept of this movie is unimaginable.,positive
Bret M.,STAR_4,"Iron Man Review
It’s hard to believe that this movie started the MCU all those years ago. But after rewatching it, it’s obvious how this movie spawned the MCU. This movie is great! This is helped by Robert Downey Jr.’s great performance. It’s been said a million times but it’s still true: RDJ was born to play Tony Stark! I love how we see Tony grow from an arrogant playboy to an actual hero with great intentions. The armor is also great in this movie. We are at a stage in the MCU that’s pre-nanotech, which makes it more believable. The armor is more raw and believable because we see each piece slide and come together, whereas the nanotech borderlines magic. I also think that Obadiah Stane is an alright villain. He’s not like a top 10 MCU villain, but he’s pretty good for this movie. I also love the action scenes. The scene where he breaks out of the cave, the final Iron Man vs. Iron Monger fight, they’re all great! Overall, this is an amazing movie that is a great MCU kickoff!",positive
Rakesh Y,STAR_4_5,probabaly the best movie of it's time,positive
Noah R,STAR_5,Iron man is my favorite movie!,positive
Елизавета Д,STAR_5,"Iron Man is an exciting superhero film released in 2008. It stars Robert Downey Jr. as Tony Stark, a brilliant inventor and billionaire.

The plot involves Tony Stark, who is captured by terrorists while presenting new weapons. During his captivity, he builds a powerful metal suit to escape. After returning home, he decides to stop making weapons and becomes the superhero Iron Man.

The film has amazing special effects, exciting action scenes and very good acting. Robert Downey Jr. gives a memorable performance.

I would highly recommend this film, especially if you enjoy action and superhero movies.
Rating: ⭐⭐⭐⭐⭐ A must-see!",positive
Gini O.,STAR_5,"Without this movie, the others would have never been made. The best start to the Marvel universe.",positive
Caleb B.,STAR_5,"I love this movie so much when it came out and even today, I still believe it is the best superhero origin story.",positive
rex w,STAR_4,"After a masterclass in sophisticated storytelling and direction, the last 30 minutes transition to silliness with ho-hum special effects and far-fetched hero/villain battles.  ""Iron Man"" is still a top 5 comic book movie, but it could have been the best ever.",positive
Zachary B.,STAR_4,"Exciting take on an unpopular Marvel hero, Iron Man brings together well shot scenes with amazing story pacing. Very enjoyable and a highly recommended movie for superhero fans to watch. I rate it on a 4 star because despite the well shot action sequences and amazing pacing with the story, Iron Man lacks the creative twist in story telling. I believe the movie had a very good start and had what most superhero movies need which is a great origin story with amazing action scenes. But when building this final battle with the villain it seems rushed and basic. Still a very good start to the MCU and a well paced movie.",positive
Aizik G.,STAR_4,Loved it was peak fire movie,positive
Alexander,STAR_5,This is one of the best MCU movies that I've watched.,positive
Braydon B.,STAR_4,Great start to the MCU,positive
Matthew W.,STAR_5,Master class origin story,positive
luciana v,STAR_5,"La cantidad de veces que he visto y que podría ver esta película es impresionante. Es buenísima, tiene todo lo bueno, acción y personalidad. Tony tiene un buen desarrollo durante la trama y deseas ver más de él y Pepper. Simplemente te cae bien. Por otro lado, la discografía de esta película es exquisita; AC/DC se convierte en parte del personaje de Iron Man, tanto que cuando luego escuchas a la banda, piensas en la película. Ni una queja, 10/10. Creo que este es uno de los pocos personajes a los que deseo que nunca les hagan un reboot; no sé si exista otro actor que caracterice tan bien a Stark. Como dijo Stan Lee: ""Veo a Robert Downey Jr. y siento que estoy hablando con el Tony Stark que yo mismo escribí"".",neutral
Ray C,STAR_4_5,"(Road to Doomsday pt. 1)

The movie that started it all. Iron Man is absolutely one of my favorite Marvel movies of all time, and this rewatch only helped confirm that. It’s such a grounded, relatively simple story. It never feels weighed down by other parts of the MCU (because there were no other parts at the time), and it does just the right amount of setup for future films. Downey is undeniably charismatic right from his first outing, and I actually think Jeff Bridges was solid as the villain here. Overall, it’s a great introduction to one of—if not the—most iconic movie franchises of all time.",positive
Enrique R,STAR_5,"Iron Man, one heck of a movie, this movie starting the MCU. Perfect. Robert Downey Jr does great in this movie as Tony Stark a.k.a Playboy a.k.a Iron Man. The visuals are so good. Awesome performances, great acting. The soundtrack is one of the best movie soundtracks ever. Overall, I give Iron Man a 10/10 or a 5/5 stars.",positive
Benjamin S,STAR_4,"What else can be said? The action sequences have aged like fine wine, Tony's arc is one of the best in the MCU, and makes use of comic book film formulas to thrilling effect. The first is always the best.

8/10",positive
Benjamin R,STAR_5,One of the best Marvel movies! This is a must-see!,positive
Declan D.,STAR_5,"This is a great movie, I think it’s a little too graphic for some scenes of the movie but it still is an awesome film.",positive
Maxym Z,STAR_4,When i first whatched it i was so hyped. i think it is overrated but still amazing movie,positive
Stephen G.,STAR_5,Amazing iron man adaption. Downey is awesome as iron man.,positive
Garry A,STAR_3_5,I just watched this for the first time since I saw it in the theater back in 2008.  The first twenty minutes is a bit of a drag but it picks up after that.  17 years later it holds up pretty well.,positive
Bob J,STAR_4_5,really fun origin story,positive
Andrew B,STAR_5,Still an amazing start to the mcu and a top 10 film all time from the mcu.,positive
Pramath. S,STAR_5,Best movie of all times,positive
Zach B,STAR_4,A very influential movie! However I don’t understand the insane amount of hype,neutral
Matias G,STAR_5,"It's pure movie art, I don't understand why people don't like it, if it's pure art, for my young age it will always be a tremendous movie, five stars ⭐⭐⭐⭐⭐",positive
raand m,STAR_5,الافلام تم اختراعها لاضافة المتعة و رفع الادرينالين لدى المشاهد و هذا الفيلم قلم بذلك بشكل مذهل ..,neutral
Rotten P,STAR_4_5,"Iron Man (2008) soars as a standout superhero origin story, blending thrilling action, sharp humor, and grounded character development. Robert Downey Jr. delivers a career-defining performance as Tony Stark, perfectly capturing the genius, wit, and vulnerability of the iconic hero. Jon Favreau’s direction balances spectacle with heart, making Stark’s transformation from self-centered billionaire to reluctant hero both compelling and believable. The film’s practical effects and carefully designed suit bring a tangible realism that complements the CGI, while the smart script keeps the story moving with energy and levity. As the launch point for the Marvel Cinematic Universe, Iron Man sets a high standard for superhero cinema, combining entertainment, emotional depth, and unforgettable heroics in one electrifying package.",positive
EleckVick 7.,STAR_5,"I think it is an exceptional depiction of Tony stark. The movie set a very strong precedence for the MCU, and has very iconic scenes. Must watch and rewatch!",positive
Tyler L,STAR_5,Absolutely fantastic movie with RDJ leading with a phenomenal performance and a great start to the MCU.,positive
Hayden H,STAR_5,RDJ is Great as Tony Stark this is a great start for the MCU!,positive
Ligma B.,STAR_2,Wait chat why didn’t he maximum pulse the bad guys. Dat would’ve been pretty tuff. LIKE WITERALLY imagine if iron man just said “ hey Jarvis I witerally fink des guys are gonna die. HERE COMES THE BOOM MAXIMUM PULSE” I would’ve gooned.,negative
lord s,STAR_4_5,That movie is a great start of MCU. The iron man armor looks incredibly realistic and every piece of that suit moves which makes you feel that everything serves a function. Robert Downey Junior does an amazing job as Tony Stark. Perfect choice on the casting.,positive
Sheikh R.,STAR_5,That terrorist scene was so cold,negative
Jace T,STAR_4_5,"I absolutely love Iron Man. Tony Stark, played by Robert Downey Jr. is such a joy to watch be a terrible person turned hero. This is the start of, and arguably one of the best MCU movies out there. Tony getting captured behind enemy lines and build a shabby iron man suit behind their back is peak. Iron Man used to be a b-rate hero until this film came along and now he has almost become the face of the MCU, at least in this time period.",positive
Uncle R.,STAR_5,Fantastic movie to start the most successful film franchise in cinema history.,positive
Ahmad Edris S,STAR_4,"What can I say its a banger movie, don't like how the terrorists are showed because they didn't really do much wrong and also why are people in Afghanistan speaking arabic.",negative
Alessandro B,STAR_4_5,"The movie was a blast to watch. It had everything you need for a amazing superhero movie. A thrilling background story with a clear goal and motive, a heroic main character that was serious but sometimes made funny jokes. The jokes weren’t too childish and didn’t interrupt the plot. There is some romance but luckily not too much cause it isn’t my cup of tea. Downey’s acting was wonderful and impressive 100% of the time. It also totally fits me, cause I am super fond of superhero movies. And lastly the movie ends with a cliffhanger so exciting that I started binging all the marvel movies.",positive
wallison rodrigo da s,STAR_5,Aqui a Marvel começou entregando o melhor filme com o melhor personagem de uma das melhores franquias do cinema.,neutral
Alex C.,STAR_5,Definitely one of the best movies,positive
Nikolay M,STAR_5,Это имба фильм рекомендую чего началось вся кино вселенная Марвел,neutral
HameZz Z,STAR_4_5,Holds up incredibly well. RDJ is one of the greatest casting decisions.,positive
Jack L,STAR_5,This movie is excellent. The MCU wouldn't even survive without Iron man. The way Iron man was produced is extraordinary and it blends in well with a good story and fantastic characters. It has great values which makes it one of MCU most beloved movies in Marvel history.,positive
,STAR_4_5,A classic that lives up to this day. Thank you RDjr,positive
Dave O.,STAR_3_5,"If you had told me when I first saw this film what it would lead to with the MCU, I wouldn’t have believed you. But this first entry in the Marvel franchise can stand on its own. It was funny, energetic, and fun. Over the course of the next 22 films, Tony Stark has arguably the best longterm character arc, and it starts here. Jeff Bridges’ Obadiah Stane was a great character and antagonist until the end, when he becomes more of a caricature as Iron Monger. Otherwise it was a great summer action movie and the start of a worthy Franchise.",positive
Noah W,STAR_2,"I love Iron Man, he is so cool but this movie is bad. How do people enjoy someone getting kidnapped and then the CEO of his company betraying him? That idea is horrible for a Marvel movie. Marvel movies are supposed to be Sci-Fi and unrealistic but this is neither of them. The CGI is good and RDJ does great in it but otherwise don't bother with it.",negative
Garrett B,STAR_3_5,"Tony Stark is probably the least likeable superhero that I can recall, but the movie was still pretty good.",positive
Solaire V,STAR_5,"Can't picture anyone else play Tony Stark then the man RDJ himself, can't say anything else other than watch it",neutral
Lucho G,STAR_5,The best possible introduction to the MCU. There will never be another Tony Stark like RDJ.,positive
Luke B,STAR_4_5,"“Iron Man” delivers excellent acting, strong storytelling, and memorable characters. It not only serves as a fantastic launch to the Marvel universe but also stands firmly on its own as a complete film. Overall, it’s an exceptional and well-crafted work of art with a meaningful, enlightening message.",positive
Ben A,STAR_4,This movie is practically perfect up until the climactic action sequence.,positive
John F,STAR_5,Great character development and overall story.,positive
Artur A,STAR_5,"MARAVILHOSO MDSSSS. Me prendeu do início ao fim. Personagens maravilhosos, tudo muito bom. Nem vou falar do Robert Dowmr Jr porque se eu começar, não vou parar. Já vejo que vou sofrer muito quando chegar em Guerra Civil😭",neutral
Vin R.,STAR_2,A lackluster superhero origin story that doesn’t have a high entertainment value.,negative
f T.,STAR_4,"Good movie, highly recommended",positive
Aaron M,STAR_5,A great start 2 the mcu,positive
Sebastian B.,STAR_4,The movie that started it all. This is a really great movie. But there are some scenes that I didn’t really like. Like the scene where family’s were getting taken and separated. I just didn’t really like that. But still a pretty good movie.,positive
Mason O.,STAR_5,Really good origin story movie for iron man and RDJ did such an incredible job playing tony stark and iron man,positive
Londyn L,STAR_5,I regret not watching this sooner,negative
Luiz Gustavo F,STAR_5,"Filme muito bom para uma história de origem e de introdução ao universo cinematográfico Marvel ( UCM ). Um personagem que para época, era desconhecido, se tornou um dos mais carismáticos e importantes desse universo Marvel. CGI e trilha sonora excelentes, roteiro simples e bem elaborado, drama do filme é bom... Outro ponto bem desenvolvido são seus personagens, principalmente do protagonista ( homem de ferro ), que por sinal grande show de atuação. Um filme com uma história simples que deu início a maior saga cinematográfica até hoje, nota 10.",neutral
Joseph M,STAR_4,Robert Downey Jr. IS Iron Man.,positive
Justin O.,STAR_4_5,The OG has some pacing flaws but it’s the film that truly kicked off the MCU.,neutral
Aaron N.,STAR_4,Great fun movie one of my favorites but not the greatest movie ever but a great origin movie about a guy realizing his mistakes and making right on his wrongs.,positive
CBall C.,STAR_4,"This is actually good! Watch it too much (some times), still a good movie!",positive
Angelica J,STAR_5,Iron man is an INCREDIBLE superhero movie. I am obsessed with Robert Downey Jr’s fantastic acting in this movie. An all time favorite action packed movie for me.,positive
Trevor H.,STAR_4_5,"The first installment to the MCU and it’s regarded as one of the best movies for  good reason. It’s known to have save marvel and yea I completely agree. The story is great, Ironmans origin is pretty cool and he’s very entertaining for the movie. Putting the nostalgia aside, there are elements I think could have been approved like the villain of the movie. He is so forgettable that even after you search the antagonists name on google you’re still not going to remember his name. 
Overall first movie was amazing
9/10",positive
Renaldo D,STAR_5,Best hero movie Marvel made.,positive
Donavin D,STAR_4,"Iron Man was the beginning of what would become one of the most influential film franchises of all time. With engaging action, a standout performance from Robert Downey Jr., and my favorite Iron Man suit design, the 2008 film still holds up—though it’s somewhat weighed down by a flat antagonist.

Robert Downey Jr. is Tony Stark. His sharp wit, snarky charm, and his portrayal of a broken but brilliant man define the character and helped set the tone for the entire MCU. What makes Stark so memorable are his genuine imperfections—he’s selfish, arrogant, and deeply human. Watching him fail, grow, and perfect his suit adds a grounded, relatable arc that few superhero films were delivering at the time. Every moment he puts on the armor feels iconic.
The film’s biggest weak spot is Obadiah Stane, a mustache-twirling villain who I watch and wonder how no one found out he was evil years ago. His transition into Iron Monger leads to a fairly standard “same vs. same” final battle that doesn’t add to everything else the film works so hard to build up. 

Still, with its energetic action scenes, fantastic character work, and a career-defining performance from RDJ, Iron Man launched the MCU in the best way possible—and remains one of its most rewatchable entries.",positive
Ahtzyri C,STAR_5,Watching all of MCU movies :),positive
Bruno P.,STAR_4_5,"a very good and fun movie, the movie that starts the MCU and the infinity saga, it's no wonder it's known as the movie that saved Marvel",positive
David C,STAR_5,La trama es muy buena toda la historia está bien contada los la actuación de Robert Downey Jr es buena,neutral
Juan D,STAR_4,Good start to the mcu and a very good movie,positive
Brent B,STAR_5,It is a nostalgic and a good movie,positive
Mitch B,STAR_5,"As a disabled person, I can relate to a degree to Tony being captured. While I don't have a heart problem, I have felt confined. Robert  Downey Jr did an amazing job in humanizing Tony Stark/Iron Man. Oh, and the suit was awesome.",positive
Lore O,STAR_4_5,"Starts off so strong it can't help but slow down from there, still amazing.",positive
Kyle S,STAR_3_5,"This movie is a great start to the MCU with very lovable characters and a great story that has stayed with many people who have watched this movie 

Story: I think the story was great, everything about the ten rings and how Tony escapes that facilitate was good, the first and third act for me were also pretty decent but not as good as the second act 

Characters: Robert Downey Jr. plays Tony greatly here and makes him a very interesting and deep character. The villain in this movie I think could have done more.

Favourite action sequence: the final action sequence between Tony and and Stan",positive
Sérgio M,STAR_5,The greatest possible start.,positive
Salvador E,STAR_4,"Nostalgia aside, the film is a bit weak.
I fully support Robert Downey Jr.'s work; he made it incredible, but the plot sometimes feels a bit hollow.",negative
Evan G.,STAR_4_5,It started it all and still has aged wonderfully.,positive
Alex L,STAR_5,"One of the best movies I have ever seen. Also, the casting of RDJ as Tony Stark was absolutely perfect.",positive
,STAR_4_5,RDJ is Tony Stark simply perfect casting and kudos to Marvel for believing in his ability to portay this character. Tony's character arc over the entire franchise is pretty epic and it all started with his film. Is it perfect? No. Is it still a brilliantly entertaining film? Absolutely. Still gets a rewatch every single time I do a timeline rewatch,positive
Tom T.,STAR_4,"8.8/10

Might be viewed better in its current lense because it’s the movie that started it all, but a top 10 McU film.",positive
Gold Kinght P,STAR_5,Piękny film ze świetnymi aktorami i fabułą,neutral
R0ck1n J,STAR_4,"I decide to rewatch it and it still a great movie when it comes to Stark's insecurity about learning his mistakes after creating his first armor suit while being held hostage by terrorists.

He's able to grow his character by being a great armored superhero by risking his life to protect people.

Iron Man is worth watching than a god awful Ironshart.

8/10 Great",positive
Mourning  K,STAR_4,Best way to kickoff the MCU. The soundtrack is good and proving that if the makers of these comics make the movies can make an amazing movie.,positive
Whitley F.,STAR_5,One of my favorite movies of all time,positive
,STAR_4,"An incredible film, highlighting rdj's performance, highly recommended",positive
Steven K,STAR_5,"Reflecting on the First Iron Man Movie: A Game-Changer for Superhero Cinema

I recently revisited the first Iron Man movie, and I have to say—it still holds up as one of the most iconic and impactful entries in the superhero genre. From the sharp storytelling to Robert Downey Jr.’s unforgettable performance as Tony Stark, the film didn’t just launch the Marvel Cinematic Universe—it redefined what audiences expect from comic book adaptations.

What stood out the most was how the film balanced character development with action. Stark’s transformation from a self-centered weapons manufacturer to a hero with conscience was compelling and believable. The movie was grounded, intelligent, and surprisingly thoughtful—a rare blend at the time.

It’s a reminder that successful creations, whether in film or academia, often rely on clarity of vision and strong execution. That’s why I appreciate services like DissertationWritingServices.com. Just like Iron Man had a team behind the scenes to make it exceptional, academic success often benefits from expert guidance and support behind the scenes too.

Whether you’re a film buff or a grad student deep into research, excellence comes from combining creativity with precision.",positive
Jasvir S,STAR_5,Awesome great acting by rdj makes so nostalgic,positive
Siempre 1,STAR_5,"Absolutely amazing, the armours are great and the best start from a franchise.",positive
Liam D.,STAR_4,He’s not my favorite superhero but this is good,positive
Stephen C,STAR_5,"The worldwide gross is $585,796,247.00. Rated PG-13 for Intense Sci-Fi Action/Violence and Brief Suggestive Content.",neutral
,STAR_5,Robert is a Genius this is how you make an Superhero movie!,positive
Laurie L,STAR_5,"This movie is great from start to finish. Iron man is my favorite superhero in my opinion, and I thought that Robert Downy Jr. portrayed him great. From all of the action scenes and trail and error inventing scenes this movie is a masterpiece.",positive
Eye C,STAR_4_5,"Now entering the real MCU, now that we finish the first part of the Marvel Legacy. It is amazing how this movie after more than 15 years still is great.",positive
em s,STAR_5,BEST MOVIE OAT TONY STARK IS THE BEST,positive
Nicholas B,STAR_3_5,"Iron Man is a solid 3.5-star superhero film that I enjoyed. Robert Downey Jr. brings charisma and energy to Tony Stark, making the character truly unforgettable. The action is engaging, and the story is entertaining, though some parts didn’t fully captivate me. Still, it’s a fun and well-executed origin story that helped launch the Marvel Cinematic Universe.",positive
Brenden D,STAR_5,"A BRILLIANT LAUNCH for the MCU
The Perfect Example of ""The Hero's Journey"" as Genius Billionaire Playboy Philanthropist Tony Stark learns the error of his ways in the hardest way imaginable and seeks to make right by his sins.
This is the film that Revived Robert Downey Jr's Career! No One Else could pull off this performance. His charism & charm blend with witty egotistical snappy quips. The fact that a large portion of the lines in this film were improvised and this film still feels so natural is incredible.
The first time we see Downey put on that signature armor is iconic and what he does to terrorists to make good on his promises is an ABSOLUTE CHEF'S KISS!
SO SATISFYING!!!

So Many Iconic Shots That Live Rent Free Forever In Our Minds.

While the villain isn't the most engaging, this is the first that many others would repeat later on. This film set the template for others to come, and ages so much better since ENDGAME.
Robert Downey Jr's last improvised line comes back so perfectly in the end, and this is the scene that got everyone hooked with a move never before seen. The Post Credit Scene sets up for the first phase of the MCU brilliantly, which builds up further later on.
Perfect Director, Perfect Casting, Perfect Journey.

A+
9.5/10

AN ABSOLUTE MUST WATCH EVEN IF YOU DON'T WANT TO GET INTO THE ENTIRE MCU, BUT THIS FILM WILL LIKELY GET YOU HOOKED.",positive
Hayden C,STAR_4_5,Great intro to the MCU. Love the movie and it takes on its themes so well. The war theme is amazing and takes on many parts of the Afghan war well. The relationship between Pepper and Tony is great with fantastic chemistry and also the comedy is very well timed and doesn’t take over the film. The plot twist villain was good but the second act dragged a little bit into the boring part and the final  battle had some questionable CGI. Otherwise the movie is a bit underfund beginning to the amazing world of Marvel.,positive
Noe H,STAR_4,"The one that started them all, such a classic and must watch.",positive
Matt J,STAR_5,"One of the best in the MCU. If you don't like this one, then you likely won't like the rest. Which will save you a lot of time, as it's early it's early in the MCU timeline. Great detailed origin story, with plenty of on point comedy and one of Robert Downey's best performances. I've watched this one more times than any of the others and it just never gets old.",positive
,STAR_5,One of the classics...,positive
Chandan K,STAR_4,"The first part of Iron Man depicts a simple businessman striving to survive at any cost. This determination is what ultimately leads him to become a superhero, calling himself Iron Man.",positive
ARTHUR G,STAR_4_5,The best iron man movie,positive
TROYS S,STAR_5,"While not perfect, it comes pretty damn close - Iron Man is one of the best superhero movie adaptations to hit the big screen so far.",positive
Lennox B,STAR_5,Might as well be the founder of marvel this movie is so good. Made amazing a visual and story telling treat. A must see,positive
CJ F,STAR_5,"Hot Take:
Iron Man (2008) is both the best standalone Marvel film and the worst influence on everything that came after it.

Reasoning:
This movie works because it’s not trying to build a universe — it’s trying to tell Tony Stark’s story. It’s grounded, intimate, and carried entirely by Robert Downey Jr.’s charisma and vulnerability. The tech feels tactile, the humor feels natural, and the stakes are personal.

But that success accidentally set the wrong standard for the MCU’s future. Studios saw the charm, not the craft — they copied the quips, the post-credits scenes, and the light tone, but lost the emotional grounding that made Iron Man so good. What started as a story about guilt and redemption became a template for “insert hero, insert snark, insert CGI finale.”",neutral
Gregory S,STAR_5,I wish so much that I could go back and watch this for the first time again. We never knew how incredibly good we had it. Such an incredible start to the MCU infinity saga.,positive
Amilia P,STAR_5,This film started one of the greatest film sagas of all time.,positive
Nicho T,STAR_3_5,"It's the start of the mcu and it's solid, but overrated",neutral
Joey .,STAR_2_5,"Poor pacing, poor villians, poor characters. But the action scenes and visuals were cool.",negative
,STAR_3_5,"**Iron Man**
Debo de decir que esta película me emociono mucho u de hecho es la que mas he disfrutado hasta ahora de todas las que analice, pero no es la mejor. (Sí, por Inception).

Digo esto porque en sí la historia si bien no es trascendental para ser el comienzo del UCM esta bastante bien; sientes una química entre Tony Stark (Robert Downey tiene un gran papel, se volvió en mi actor favorito después de Jim Carrey y me encantaría ver mas películas protagonizadas por él) y Potts.

Hay escenas que pueden parecer innecesarias como la del baile pero esto solo ayuda a mejorar la química y relación entre los 2, además, la peli no se siente pesada en ningún momento a diferencia de por ejemplo Mi Villano Favorito 4 que te dan ganas de abandonar la película y es completamente disfrutable. Mis quejas son:

1. La introducción a desarrollo se siente corta y que pasa muy desapercibida, sientes que de un momento a otro Tony está en paz siendo reconocido a ser amenazado por unos asiáticos a la verga.

2. El antagonista es de hecho, muy olvidable y la verdad aunque haya tenido buen papel como Mark 1, siento que dejo de desear.

Aunque esto no se trata mucho de un conflicto contra alguien en sí, sino en la evolución que va teniendo Tony; al principio su empresa es solo una enfocadas en el armamento, pero tras una situación en peligro y reconocer su umbral, se da cuenta que puede aprovechar su inteligencia mucho más, inventando a *Iron Man*.

La escena post creditos es una de las mejores que he visto y te deja en shock sobretodo los fanáticos de los comics. ¿Los avengers Iban a la pantalla grande?

Sobre la banda sonora esta acompaña de manera correcta a la película y si bien no hay ninguna obra auditiva digna de un grammy es memorable y clásica.

Por último, los efectos especiales; que si bien se quedan atrás para la actualidad, cumplen con el papel de impresionar visualmente a la audiencia.

**Calificación**: __73% (Muy buena)__

Tiene sus fallos pero definitivamente es muy disfrutable y me da una muy buena imagen del UCM.",neutral
Cody W,STAR_5,"If you’re in the need of superheroes and want to watch a wild and exciting show that will make your jaw literally drop to the floor, IRON MAN is the one superhero movie you definitely want to see.",positive
Louis B,STAR_5,"Rewatching Marvel, and this is hands down THE best superhero origin story ever made.",positive
Rubí Q,STAR_4,"It's everything I expected from a movie. It has action, comedy, and sad moments.",positive
tim s,STAR_5,"The first film of the MCU expertly ignites the franchise. Iron Man is a high-flying adventure elevated by Robert Downey, Jr.'s remarkable portrayal of Tony Stark. It's hard to forget Iron Man's inaugural flight and initial combat encounter. The soundtrack and visual effects heighten the sense of fun to a great degree.",positive
Todd B,STAR_5,"A good addition to the MCU, considering heroes that are spotlighted, and one pinpointed villian Obadiah. From his times with his dad and Dr. Hank Pym, to his capture by an unknown enemy, to his production of his Mach Mark I prototype, and to present-day, back then 2008. This was a very good movie, consisting of action, romance, and sarcastic comedy genres with the stars Rob, Gwen, Terry, and Jeff.",positive
Nerd W,STAR_4,Great start to Ironman!,positive
Jess S,STAR_4_5,"One of my favourite films of all time, always love watching it. It's Robert Downeys prime and a perfect underscore to accompany it. The humour, script and placement of the film is brilliant. One of the best films the MCU has ever seen.",positive
,STAR_5,"The best modern marvel movie made, even still today. A true classic.",positive
James C,STAR_5,The perfect way to start the MCU.,positive
John  R,STAR_5,The truth is........ I am Iron Man,neutral
Jone L,STAR_5,"RDJ is my goat, love this one",positive
Ian H,STAR_4,3.75 really. Stark is such an unlikeable character. Enjoyable enough though,negative
,STAR_5,This movie not only defines hard work but also heart work. RDJ as Ironman is the best thing in this movie.,positive
Aayan I,STAR_4_5,"Iron Man is a great movie and very enjoyable! All the characters are pretty cool, and the story was surprisingly good. I wouldn't say this is my favorite Marvel movie, but I still found it pretty entertaining. Also, the villain was really good in my opinion. Overall, 9/10.",positive
UNiTE L,STAR_5,Que buena pelicula robert le da un toque genial a tony stark,neutral
Ethaniel M,STAR_5,"What can I say, Iron Man is simply perfect! The acting is excellent, the cg is top notch and still looks good for the time, but most importantly the story is solid. Tony's redemption arch is one of the best I've seen in a film honestly. To see him change from the womanizing profit seeking narcissist he is at the beginning of the film to the selfless and heroic individual he becomes later is really touching. On top of all that, the movie is just plain fun! It's funny, it's got great action (even if the later mcu movies had better action sequences), and it was the perfect start to the Marvel Cinematic Universe",positive
jacob c,STAR_4_5,"Robert Downey Jr. gives a charismatic performance in this smart, exciting superhero adventure.",positive
Amir  S,STAR_4,"This is a movie I wouldn’t have watched if it weren’t for my manager at work in the cinema—so first of all, thank you, Daniel!  

It’s an interesting, lighthearted, and funny movie—I highly recommend everyone to watch it!",positive
diplomatis g,STAR_5,The start of the MCU with an absolute banger,positive
Oliver H,STAR_4_5,Action packed and really fun,positive
Paul S,STAR_5,This was an awesome! Definitely one of the best superhero origin movies I've ever seen. I definitely recommend it!,positive
Singh D,STAR_5,"I have no expectations before i went to see this movie, but came out one of the best movies for me",positive
Vitor Felipe A,STAR_4_5,"filme incrivel,mostra muito bem a origem do homem de fero.",neutral
TYLER M,STAR_4,This is not a movie it’s a IMAX experience,neutral
Joey G,STAR_4_5,"This movie was the first MCU movie, and dang it delivered!!!",positive
Matthew H,STAR_5,Awesome movie Jon Favreau ‘s greatest masterpiece before the mandalorian kick starting the mcu,positive
Shane  O,STAR_5,What’s not to love. We need more movies like this,positive
,STAR_4_5,One of my favorite movies,positive
Diego B,STAR_4,"Great start for the mcu, cool scenes and cool origin story the villain bye the way sucks",positive
Alex u,STAR_5,Iron Man needs no explanation! Go watch it for your self if you don't believe me.,positive
Miller H,STAR_4_5,4 words —> I am Iron Man.,neutral
Enzo O,STAR_5,He is Iron Man homie,neutral
Leif R,STAR_4,"Classic, it's pretty much the first Avengers movie. Stark is annoyingly narcissistic and I genuinely do not know how Pepper wrangled with him all these years.

I particularly enjoyed the build up of Stark in the middle east, and how he realizes his weapons are just that: weapons of war and mass destruction.",negative
Kenney W,STAR_4,"The first film that started the Marvel Cinematic Universe. A great film to start the MCU with RDJ as Tony Stark/Iron Man. He puts on a great performance as the titular character with the plot being good. Overall, this is a (8/10) film.",positive
,STAR_5,"Really good movie, good mcu movie, 10/10 highly recommend",positive
Ed R,STAR_5,"A brilliant start to a brilliant MCU! Robert Downey Jr. completely revived his career with tact, wittiness and humor.",positive
Jack N,STAR_5,Now this is peak cinema. Iron man is a perfect example of how to do a movie right. The pacing is great the characters are even better and don't even get me started on the character development. amazing.,positive
Luca G,STAR_4,I think this movie is a great start to the mcu,positive
G K,STAR_4_5,"The movie that started it all. Entertaining from start to finish, this movie created the blueprint for the right tone in the MCU. Fun, mostly light and funny, but able to have real weight and consequences and incredible action. Robert Downy junior was spot on. The movies only flaw was a great villain in Jeff Bridges that gets under-utilized and ultimately meets a flat end. A must watch for comic fans and anyone who loves action movies.",positive
Willard H,STAR_4_5,"Iron Man is not just a great superhero movie. It is the foundation of an entire cinematic movement. Even after all these years, it still holds up.

Robert Downey Jr.’s performance remains one of the best in the genre. He perfectly balances arrogance, charm, and vulnerability. The film’s themes of war profiteering and corporate responsibility feel just as relevant today. The action is still thrilling, especially in the first two acts. The only real weakness is Obadiah Stane, who works well enough but does not leave a lasting impression.

What makes Iron Man endure is its focus. It is a personal, character-driven story that does not feel like an extended trailer for sequels. It proves that the best superhero films start with compelling characters, not just spectacle. Looking back, this might be the last time Marvel made a film without knowing if the next one would exist. That uncertainty gave Iron Man a sense of weight that is missing from many of its successors.",positive
Jimmy M,STAR_4_5,"Iron Man: 9.5/10

An excellent film which is a perfect start to the MCU you get a good idea for the character Tony Stark and how smart charismatic and witty he is while also being a playboy. It really is the perfect actor for the role, the movie also has a great story and the villain is excellent, he has a clear motive he wants to use the suit for war and profit while Tony wants to use the suit to save the world and help people. It has a great story which shows how Tony changed his perspective in regards to making weapons, it also shows how intelligent he is and how the origins of creating the suit came to be, it also showed how his whole perspective went from creating weapons to wanting to create a difference.",positive
,STAR_4_5,The first MCU movie is still one of the best.,positive
,STAR_4_5,Iron Man is a truly legendary revolution in Marvel history.,positive
Eshaan O,STAR_5,"ONE of best superhero movies of all time, they got the character of Iron man, they knew what the people wanted and delivered",positive
Henry S,STAR_4,"RDJ's entertaining lead performance, fantastic dialogue, and memorable moments make this a really strong start to the MCU - even if the third act falls a bit short.",positive
Jorge R,STAR_5,"PEAK Movie, The first Iron Man movie is the GOAT. 🤯🔥 And The beginning of a (used to be) Legacy",positive
Bentley P,STAR_5,Amazing Start To An Amazing Universe That Saved RDJs Career Great Movie,positive
Mate P,STAR_4,"Iron Man is a very enjoyable and satisfying movie with a hell of a cast.

The dialogues are my favourite part of the writing. I loved when a character said something and we saw the opposite of that on screen. The characters are enjoyable, but after a while the movie doesn't just use Tony Stark as its protagonist, but tries make audience forget that he is not a good person. The story is quite satisfying, the antagonist is a flat character, but he is also hateable.

The directing is quite good, I noticed Jon Favreau used the same lighting in the cave scenes similarly in The Mandalorian. The cinematography is also pretty good, nothing too fancy, just engaging. The editing is simple, but the pacing is really good. The acting is great, while the casting is perfect. Although I'm curious what Tom Cruise would've done with the character.

Iron Man is funny, satisfying and perfectly-cast. It's a great start to the Marvel Cinematic Universe.",positive
,STAR_4_5,"Robert downey jr é um ator da porraaaaa, sempre que o tony stark ta na cena da vontade de ver mais e mais e mais",neutral
Samuel W,STAR_5,"The perfect beginning to the MCU, and the perfect hero we needed to kick it off. Robert Downey Jr. becomes the first MCU superhero as he steps into the role of a rich, head-of-weapons-manufacturing, playboy Tony Stark. As he tries secure the legacy of Stark Industries by taking it into a new direction with new enemies loathing this decision. With Robert Downey Jr., Terrence Howard, Jon Favreau, and Gwyneth Paltrow, this cast is star-studded already going into a new fame for each name. Iron Man secures his legacy here in both the future of the MCU movies and his own self.",positive
James E,STAR_4_5,"The start of a great legacy, this film is iconic and memorable. The characters remain memorable and effective, with humor and seriousness mixed together very well. The cgi is great most of the time, but some of it is hidden in shadows, making it difficult to see some key moments. Apart from that, this is a fantastic superhero movie.",positive
Karin S,STAR_4_5,"Amazing actor, nice story. Just an awesome film.",positive
Kári Leó Ó,STAR_4,A great start of the MCU Robert Downey JR is a great casting for Tony Stark.,positive
SHUMA Y,STAR_5,"What a great start!! 
A fitting movie to start the MCU!! 
Iron Man's origin is depicted beautifully, it's a really good movie!! 
I was very surprised by Obadiah's betrayal and the appearance of Nick Feely!! 
It's a really fun movie!!",positive
Brayden G,STAR_5,Loved it  I miss this kind of Marvel movies,positive
Marc-André V,STAR_1_5,Usually love war movies and super heros but this movies is so empty the only feeling i got from it was the need to sleep. One of the worst cheasy amircan war propaghanda movies i have seen so far...,negative
Obi-wan K,STAR_5,Amazing movie robert fits soo good,positive
,STAR_1_5,"The demonization of Muslims is not okay, even for 2008. It sets back the film a lot, though it's otherwise enjoyable.",negative
,STAR_5,Still the best live action Marvel movie.,positive
Daniel Henrique M,STAR_5,"Iron Man is different from other superhero movies.
The first 30 minutes are amazing because it's different from what most people expect.
Tony Stark is well developed, showing that unlike other heroes, he is a powerful billionaire.
The story is interesting, the villain has his strengths and weaknesses but he's still good.
Furthermore, the film has moments of humor at the right time.
It's worth spending 2 hours watching this Marvel masterpiece.",positive
Jared C,STAR_5,I love Iron Man 3000!,positive
Ryan U,STAR_5,I liked when he said MAXIMUM PULSE,positive
PJ T,STAR_5,Robert Downey Jr. cements himself as the face of the MCU with a grounded and rich storyline that sees Tony Stark change into Iron Man. They don’t makes superhero films like this anymore.,positive
Brandon D,STAR_3_5,It's a very enjoyable film it's worth a watch story wise not that great,positive
Professional D,STAR_5,One of the best films in the MCU .,positive
,STAR_5,Peak cinema. This is how you make a grounded superhero movie. Watching Tony Stark change through the film really makes you happy for him when he succeeds. Watching him rise to the top after being at the bottom is quite rewarding for the audience. RDJ's acting is also stellar and he truly embodies the essence of Tony Stark. The practical effects are costume design is also really good!,positive
William B,STAR_4,Good movie. The best in the Iron man line.,positive
,STAR_4_5,"Ive seen this many times but it still remains a compelling story with a very entertaining lead character who has some nice development while staying charming and humorous. not quite as good as i remember, but it is very solid. 8.5/10",positive
Gorptholemew  T,STAR_4,"🍅 8.3/10


I don’t love it as much as I used to, (not to say I’ve lost my love for it. I still do) but I have to admit this movie makes me smile Robert Downey Jr is perfect (we all know that). but just revisiting this film it just reminds me how much I love him. and even how different these films were. we’ve come so far.",positive
Joshua T,STAR_5,It's so good that it kickstart the most successful movie franchise in history.,positive
Juan Camilo B,STAR_4_5,"Excellent movie, and it feels even better once you think this was first marvel studios actual movie and that it was pioneer in cinematographic universe concept.",positive
Wendel L,STAR_4,"Direção: Bom
Atuação: Ok
Roteiro: Bom
Caracterização: Ok
Soundtrack: Bom",neutral
Riad I,STAR_3_5,amazing orgin story...very classic 7/10,positive
christopher F,STAR_4,"I give it a four just because, I do like this movie but the villains were so lame in this movie bro.",positive
Cody M,STAR_5,"For me, this was easily the best stand alone MCU movie of all time. It introduced the world to the MCU, and what a way to do it! RDJ is absolutely amazing in this film and so is all the other characters. If your looking for a movie with heavy action, iron man 3 is better but in terms of story this is miles ahead. Must watch, even if you don't like MCU movies.",positive
Kevin R,STAR_5,Phenomenal on so many levels and in so many ways.,positive
,STAR_5,This movie is absolutely spectacular. It’s still shocks me that it came out in ‘08! This is the perfect tragic marvel origin story that would sizzle out of the depths in the infinity saga. Robert Downey jr is such a phenomenal actor. He is iron man. There’s no doubt about it. When I think of him I think of iron man. Because he acts him out so well. He’s cocky a little bit of a drunk but an all around great guy trying to overcome feelings of his father. 10/10 marvel origin as per usual.,positive
Andy B,STAR_4,"Rewatching this after many years the contrast between it and modern day Marvel is painfully apparent. Engaging storytelling, a character arc, less bloated and fake looking effects- it's a great superhero film.",positive
Cameron G,STAR_3,It’s pretty good I like iron man the story is good Rdj performance was good overall it’s a good first movie,positive
D A,STAR_5,"I really liked Iron Man! As an engineer, I feel inspired by Tony Stark, his creativity, and his bold personality. I also enjoy his character a lot. This movie put Marvel back on top and started an amazing series of superhero films. It’s a great movie for any Marvel fan!",positive
